{
  "exp": 200,
  "focus": 240,
  "gain": 0,
  "brightness": 16,
  "score": 494.79623474899165,
  "stats": {
    "avg_tags": 4.923076923076923,
    "std_tags": 0.2664693550105965,
    "fps": 25.766179957026402,
    "samples": 26
  }
}