{
  "exp": 120,
  "focus": 240,
  "gain": 12,
  "brightness": 16,
  "score": 275.0128270524937,
  "stats": {
    "avg_tags": 2.8,
    "std_tags": 0.9797958971132712,
    "fps": 24.053930118132136,
    "samples": 25
  }
}