{
  "exp": 120,
  "focus": 240,
  "gain": 6,
  "brightness": 0,
  "score": 504.851617655462,
  "stats": {
    "avg_tags": 5.0,
    "std_tags": 0.0,
    "fps": 24.25808827731012,
    "samples": 25
  }
}