{
  "exp": 80,
  "focus": 240,
  "gain": 0,
  "brightness": 24,
  "score": 486.04362800371035,
  "stats": {
    "avg_tags": 4.846153846153846,
    "std_tags": 0.36080121229411,
    "fps": 25.181277556334187,
    "samples": 26
  }
}