{
  "exp": 300,
  "focus": 240,
  "gain": 18,
  "brightness": 24,
  "score": 362.09913404427937,
  "stats": {
    "avg_tags": 3.6296296296296298,
    "std_tags": 0.617530814834558,
    "fps": 26.55739614830991,
    "samples": 27
  }
}