{
  "exp": 300,
  "focus": 240,
  "gain": 0,
  "brightness": 24,
  "score": 402.52908625713815,
  "stats": {
    "avg_tags": 4.0,
    "std_tags": 0.2721655269759087,
    "fps": 26.253707634486076,
    "samples": 27
  }
}