{
  "exp": 80,
  "focus": 240,
  "gain": 0,
  "brightness": 16,
  "score": 473.73844679723186,
  "stats": {
    "avg_tags": 4.75,
    "std_tags": 0.5951190357119042,
    "fps": 23.44818577175455,
    "samples": 24
  }
}