{
  "exp": 300,
  "focus": 240,
  "gain": 12,
  "brightness": 24,
  "score": 333.46838721043116,
  "stats": {
    "avg_tags": 3.357142857142857,
    "std_tags": 0.7659860924831148,
    "fps": 27.069812104883077,
    "samples": 28
  }
}