{
  "exp": 120,
  "focus": 240,
  "gain": 0,
  "brightness": 24,
  "score": 498.50143536473706,
  "stats": {
    "avg_tags": 4.958333333333333,
    "std_tags": 0.19982631347136331,
    "fps": 23.33182583058673,
    "samples": 24
  }
}