{
  "exp": 120,
  "focus": 240,
  "gain": 12,
  "brightness": 16,
  "score": 341.0731869655983,
  "stats": {
    "avg_tags": 3.4074074074074074,
    "std_tags": 0.4913518207933925,
    "fps": 26.22982216395751,
    "samples": 27
  }
}