{
  "exp": 120,
  "focus": 240,
  "gain": 6,
  "brightness": 8,
  "score": 419.5686630755519,
  "stats": {
    "avg_tags": 4.1923076923076925,
    "std_tags": 0.48192169562083337,
    "fps": 25.78555400495509,
    "samples": 26
  }
}