{
  "exp": 80,
  "focus": 200,
  "gain": 6,
  "brightness": 24,
  "score": 467.35577403161625,
  "stats": {
    "avg_tags": 4.678571428571429,
    "std_tags": 0.6008072800450258,
    "fps": 27.533519874617998,
    "samples": 28
  }
}