{
  "exp": 120,
  "focus": 240,
  "gain": 0,
  "brightness": 24,
  "score": 396.8376307698081,
  "stats": {
    "avg_tags": 3.933333333333333,
    "std_tags": 0.24944382578492943,
    "fps": 29.993678471620342,
    "samples": 30
  }
}