{
  "exp": 160,
  "focus": 240,
  "gain": 0,
  "brightness": 0,
  "score": 218.50809458326387,
  "stats": {
    "avg_tags": 2.2083333333333335,
    "std_tags": 0.705878097754059,
    "fps": 23.667711137355457,
    "samples": 24
  }
}