{
  "exp": 80,
  "focus": 240,
  "gain": 12,
  "brightness": 24,
  "score": 529.6839457520313,
  "stats": {
    "avg_tags": 5.333333333333333,
    "std_tags": 0.90267093384844,
    "fps": 26.88660878591204,
    "samples": 27
  }
}