{
  "exp": 120,
  "focus": 200,
  "gain": 18,
  "brightness": 8,
  "score": 481.99367348674105,
  "stats": {
    "avg_tags": 4.8076923076923075,
    "std_tags": 0.39411349099844606,
    "fps": 25.82788813747349,
    "samples": 26
  }
}