{
  "exp": 80,
  "focus": 240,
  "gain": 12,
  "brightness": 16,
  "score": 322.54829636646485,
  "stats": {
    "avg_tags": 3.2222222222222223,
    "std_tags": 0.4969039949999533,
    "fps": 26.475570471210798,
    "samples": 27
  }
}