{
  "exp": 80,
  "focus": 240,
  "gain": 0,
  "brightness": 16,
  "score": 354.0109945048192,
  "stats": {
    "avg_tags": 3.6,
    "std_tags": 1.0954451150103321,
    "fps": 24.827228274612573,
    "samples": 25
  }
}