{
  "exp": 80,
  "focus": 240,
  "gain": 0,
  "brightness": 24,
  "score": 380.7875972376436,
  "stats": {
    "avg_tags": 3.8518518518518516,
    "std_tags": 0.9700593224969477,
    "fps": 26.515026387139372,
    "samples": 27
  }
}