{
  "exp": 160,
  "focus": 240,
  "gain": 0,
  "brightness": 16,
  "score": 344.385789549833,
  "stats": {
    "avg_tags": 3.4482758620689653,
    "std_tags": 0.6206896551724137,
    "fps": 28.825499473303164,
    "samples": 29
  }
}