{
  "exp": 120,
  "focus": 240,
  "gain": 0,
  "brightness": 8,
  "score": 415.6161445179796,
  "stats": {
    "avg_tags": 4.185185185185185,
    "std_tags": 0.8181748901620192,
    "fps": 26.396874505406238,
    "samples": 27
  }
}