{
  "exp": 300,
  "focus": 240,
  "gain": 0,
  "brightness": 16,
  "score": 404.87687424552877,
  "stats": {
    "avg_tags": 4.0,
    "std_tags": 0.0,
    "fps": 24.384371227643758,
    "samples": 25
  }
}