{
  "exp": 160,
  "focus": 240,
  "gain": 0,
  "brightness": 0,
  "score": 321.2624455221684,
  "stats": {
    "avg_tags": 3.2222222222222223,
    "std_tags": 0.6285393610547089,
    "fps": 26.628084552466255,
    "samples": 27
  }
}