{
  "exp": 120,
  "focus": 200,
  "gain": 0,
  "brightness": 24,
  "score": 386.13961201818677,
  "stats": {
    "avg_tags": 3.8461538461538463,
    "std_tags": 0.36080121229411,
    "fps": 25.66119762871613,
    "samples": 26
  }
}