{
  "exp": 160,
  "focus": 240,
  "gain": 0,
  "brightness": 16,
  "score": 257.66680084943033,
  "stats": {
    "avg_tags": 2.625,
    "std_tags": 0.9492321458245431,
    "fps": 23.29561153837876,
    "samples": 24
  }
}